id,shifting,unp,unp2,unp3,unp4,unp5,unp6,bot_detection,fullscreenenter,fullscreenexit,noise,interrupted,getup
1,0.3867241073333336,1.0027856686354093,1.0240629574546998,0.8263977592152012,1.3641234313191084,1.3667464299659824,0.3152153076766038,1,1,0,0,0,0
2,0.12103563866666645,-0.8252876668661862,-1.4280350334942518,-1.2506549819190393,-0.4590143039503814,0.47561529079255926,-0.8319182311921177,1,1,0,1,0,0
3,0.00154869666666668,-0.6190341289850899,0.24686300258293759,-0.6199811480149143,-1.2814267191612196,-0.6523270318909034,-0.6093582707163008,1,1,0,0,0,0
4,0.15527531333333333,-0.9002820347859082,-2.3325291893099642,0.5928716053534357,-0.5119825733566221,0.09698919360324254,-0.8015220547931744,1,1,0,2,0,0
8,-0.139852593333333,0.3090306870723985,-0.05871660628562819,0.30947234496997245,1.3307794714955443,0.06631181230729902,0.9805546549611386,1,1,0,1,0,0
9,0.3888117323333333,1.077780036555131,0.6294183748829432,-0.5276818960667582,0.877957165917865,1.023696679896538,-0.17602821630765458,0.800000011920929,1,0,0,0,0
10,-0.3615464203333336,0.05591518229240667,0.0574954857470124,-0.4307135598810365,-1.1504882314365885,-0.15319478033277736,-0.6152524746477764,0.800000011920929,1,0,2,0,0
14,0.4408396433333337,0.08404758331323303,-0.5855996337107345,-1.8227595028958048,-1.7753448042112814,1.8681742383052637,0.29490480846498285,1,1,0,0,0,0
15,0.14645877000000018,-0.6752989310267425,-2.0350033145329647,-0.41872166549831785,-1.322334255027406,-0.48583037121034245,0.19251872572314893,1,1,0,1,0,0
17,0.4263266033333333,-0.8252876668661862,-0.3462539497234235,-2.122627617357627,-1.776570891827538,-2.290268769511078,-0.639875639282796,1,1,0,0,0,0
20,0.3400828586666669,-0.7502932989464643,-0.6590352589411863,-0.8974432757381059,0.3541879158091903,-1.24070919531245,-0.784511242805179,1,1,0,0,0,0
21,0.12575607700000013,-0.2909242562853762,0.17549067390324136,-1.3370505744723515,-0.3784848566989153,-1.4452526715294083,-0.05494022383191654,0.8999999761581421,1,0,0,0,0
22,-0.7895379849999999,-0.7502932989464643,-0.48433499393915774,-0.7084490545280193,-1.1107994262304088,-1.9253677082758713,0.8844872958625499,1,1,0,0,0,0
23,0.01078013033333324,-0.1690679214667588,0.32650595510484975,-2.1010055949649025,0.7261107501375315,-0.8930037359969742,-0.14377533650190383,1,1,0,0,0,0
24,0.44378862166666666,1.1526983000674085,1.4174505657874512,1.6999267031205068,2.4870192390060706,0.8088347496166102,0.879541132585705,1,1,0,0,0,0
25,0.14685447433333332,2.8870477017712126,3.941541054246028,2.868757299856563,2.911309655744015,4.403648703920011,0.31603680930026357,1,1,0,0,0,0
27,0.07840067399999984,0.074644748170476,2.0184439371908773,1.2620566738787287,-0.8551345163140514,0.47475360216187523,0.37535815467770206,1,1,0,1,0,0
28,0.5223115742566671,0.33716308809322487,2.3939046040789034,0.32714930296269035,1.174930990806158,0.8063476013104741,0.20438655099476732,1,1,0,0,0,0
29,0.0848647933333333,-0.9002820347859082,-1.2624254759518043,-0.45242067298632266,-0.11367709772651147,-0.4157750010450879,-0.8925584169430517,0.8999999761581421,1,0,1,0,0
30,0.1029568099999998,-0.8252876668661862,-3.4020575833337774,-1.491742661998428,-1.8013601255181797,-2.250136498391315,-0.3391310542487972,0.8999999761581421,1,0,1,0,0
32,-0.09939278333333323,0.13090955021212852,-1.1995180432792651,-0.10593096709033445,-0.9665947476018715,0.2601837334601036,-0.7924348055158321,1,1,0,0,0,0
35,-0.2793801956666666,1.0871067672904435,0.3940978118809647,2.336454491565621,3.001278372390572,1.6049327640929014,-0.04279271960608941,0.8999999761581421,1,0,0,0,0
36,0.5915978463333333,-0.9002820347859082,-0.7572988561153711,-1.4489187390192404,-0.6896721849998111,-0.9791762678468899,-0.6813103956098477,1,1,0,0,0,0
38,-0.07295605000000016,-0.9002820347859082,0.6739968713537177,-0.8630737479021101,-1.241391692755356,-0.2083005093037491,-0.5263573916449613,1,1,0,0,0,0
40,-0.44334071433333344,0.13090955021212852,-0.38890091392621035,-0.045697227586015465,1.797189690238997,1.2392290278897995,0.6585922625437071,1,1,0,1,0,0
42,-0.3893825803333328,1.0215152345134786,0.5763687885551065,0.7617099371527978,1.22407582679844,2.0388173817265782,1.7133612227474224,0.8999999761581421,1,0,1,0,0
44,0.5644367966666666,-0.97527640270563,-3.1387452256646062,-1.1927097806314362,-1.584641678100685,-0.7284579461506006,-0.1452074160972706,1,1,0,0,0,0
45,0.1793272096666666,0.5621461918523906,0.792732617119097,0.8787214265242747,-1.9348075708620103,0.656928576566573,-0.34501991029036616,0.8999999761581421,1,0,0,0,0
47,-0.21643622933333329,0.262168720173503,2.5788733068202916,-0.0574069145016996,-0.4281016732074302,0.4471606113183403,0.6662424660398558,1,1,0,1,0,0
48,0.2171987362100002,-0.8252876668661862,-0.8351872628629062,-0.9115592986131644,0.730667985132669,-2.1117272734427415,-0.3083364372579269,1,1,0,0,1,0
50,-0.4234530183333336,1.4246194751329142,1.8238287608588808,1.6962200492291595,0.21272635835833764,2.330536099672712,0.7327220587534043,1,1,0,1,0,0
51,-0.2050560590775,1.0215152345134786,1.0336590405147954,1.480191279139068,0.39029123575613633,1.797223345866,1.1898581175136294,1,1,0,0,0,0
52,0.1834737403333333,-0.2721946904073069,0.13883476265468436,0.02870881841832773,-0.9554137100631493,-0.7773748623876829,-0.36284302150213493,1,1,0,0,0,0
53,0.6858333566666666,0.8058588614896254,0.07276005480791792,1.3660154597643748,3.466298165132372,1.0594025876056983,-0.3988144827489653,1,1,0,1,0,0
57,0.09654130422433332,1.4714814420318096,1.8029924132500315,1.1137940739668823,1.7325358502881751,0.8952031928310333,0.5268123205227804,1,1,0,0,0,0
58,-0.1021261176666668,-0.450315827267577,-0.7333039406857997,-1.334822166253859,-0.12105157110188824,-1.294858842779767,-0.7172532431073306,0.8999999761581421,1,0,0,1,0
59,0.0488954800000001,1.8183208806095927,-0.07902522965497516,2.404884561540618,0.9325396694088653,4.381697442475781,0.4015929302501826,1,1,0,2,1,0
61,-0.20746330033333304,-0.3471890583270288,2.2628554079573178,-0.3032330973182459,-0.7155171563542364,-1.0974518728297233,-0.6565127352183417,1,1,0,1,0,0
62,0.3669059113333333,-0.8252876668661862,-1.31019230570037,-1.9240412820537616,1.5037594688551525,-0.6024101417233374,-0.8470819238772722,1,1,1,0,0,0
63,2.28068089505,-0.2721946904073069,1.5534822343047314,-2.1767894948854045,-0.5755922985476261,0.5375715646124617,0.1386344575065279,1,1,0,2,0,0
65,-0.0116093226666667,1.668332144770149,0.5631765079893674,0.01908258413366637,1.1828499491480298,1.5599589893011614,0.26220060088234126,1,1,0,2,0,0
69,-0.345460509657,-0.5253101951872988,-0.5859496084306861,-0.38187110419913184,-0.44704836541901294,-1.6789678688280314,-0.4746377378346239,1,1,0,1,0,0
70,0.0750192709999995,-0.6752989310267425,-1.255301923922629,0.37396507795817224,3.228357959656544,-0.1383051921776568,-0.24585840400381945,1,1,0,0,0,0
71,0.2649080593333333,-0.2909242562853762,-1.3704935135180292,-0.2674446718585844,-0.28818967058318895,0.13914067268214902,-0.9712858707203724,1,1,0,0,0,0
72,0.0648152099999999,0.08404758331323303,-0.24090407725264468,0.9404531603202086,-0.31256380651962273,0.4222899447069218,0.6439103864687978,1,1,0,0,0,0
73,0.13029743333333332,-0.24406228938648072,0.700524303823318,-0.6244480998366321,-2.110321088419045,-0.72381322509466,0.26835649639871073,0.8999999761581421,1,0,0,0,0
74,-0.1954169933333332,-0.9002820347859082,-1.4652486176397896,-1.190209830602042,-1.5628743957466875,-0.7429639351321684,-0.6466184999072424,1,1,0,0,0,0
76,-0.44581934333333306,0.02778278127158057,-0.46347100087100934,-1.9060074663910407,0.6205928888662646,-1.3626227072749018,-0.3783867152795527,1,1,0,0,0,0
77,-0.05227282199999994,0.8433940976532085,0.9095666384054584,1.0825447585418226,0.9316641705863726,2.8056600128350517,0.15737505113979222,1,1,0,0,0,0
79,0.7293860782214366,0.430887021891016,2.114670710543361,-0.17475412607848173,1.1022005035955493,0.0830559617526564,0.298648461449729,0.8999999761581421,1,0,0,0,0
81,-0.35956001302508334,0.13090955021212852,0.1880963209486738,0.7950017542807952,-0.5714468494644178,0.5907905642906994,-0.23635712259517877,1,1,0,0,0,0
82,-0.20411830100000009,-0.9002820347859082,0.6422517843579358,-1.7182684456741222,-1.4738734106280282,-0.5313861363924778,-0.41156739158253264,0.8999999761581421,1,0,1,0,0
83,-0.30970746300000007,-0.7502932989464643,-0.4401953339167983,-0.5216808129563459,-1.359371427109537,-1.3984194570264468,-0.8474464028299449,1,1,0,0,0,0
84,0.4416211533333332,0.5058813898107378,0.7885497380069819,0.8682814764336476,0.5696623085867861,-0.34283770954338455,0.7224293828503782,1,1,0,0,0,0
85,-0.6869949649999998,0.3090306870723985,-0.976691918572894,-0.509411822035942,2.3043808547589286,0.03920320595964061,-0.21597109518476101,1,1,0,0,0,0
86,1.396582133662,-0.07534398766896766,0.40899887186081574,-0.7190948235133835,-0.5319541202832797,0.731657118372186,-0.33754031334083356,1,1,1,0,0,0
87,0.62097216,-0.450315827267577,-0.8668549163072312,-0.8328101937953666,-0.43557164776884427,-0.2699962597599991,-0.6070686443323754,1,1,0,0,0,0
89,0.2832814210000001,-0.1503383555886895,-0.8175147463516733,-0.3102939005308343,-0.029832919486036266,-1.2417783626037604,-0.3224105822949333,1,1,1,0,0,0
90,0.10349355333333345,-0.4221834262467507,-2.1530237994967165,0.07754639943553959,0.22178857271807934,0.5235465824556422,-0.6890177572049103,1,1,0,0,0,0
91,-0.2688180576666668,1.2839574700287826,0.7469098825917938,-0.022914051850353445,1.654792853185448,0.9035398438333206,0.5105474125598669,1,1,0,0,0,0
92,0.26014166092866664,-0.9002820347859082,-0.877100731578143,-1.967141136261042,-0.253695834548467,1.5511959020595478,-0.7452803410137911,0.8999999761581421,1,0,0,0,0
93,-0.6575829316076667,-0.97527640270563,1.5088130763738399,-1.35829569607313,-1.0933797605037283,-0.7236666696685317,-0.8941244333115381,1,1,0,0,0,0
94,0.12285752866666622,3.3182843434114746,1.8792222348807839,3.4893038897973994,3.0738233524515444,3.2663530403064076,1.933552035330976,0.8999999761581421,1,0,0,0,0
95,0.08278621566666677,0.074644748170476,0.34621559617107217,-1.1564272507812259,-1.223985350266799,0.02422981182502381,-0.312913294195834,1,1,0,1,0,0
97,-0.17478513966666664,0.11217998433405928,-0.17023716280004558,-0.06968038130108024,-0.5617094810116202,0.2616650529716782,-0.6751467216737377,1,1,0,1,0,0
98,-0.00150519000000004,-0.3471890583270288,-1.569355643913934,-0.005385429225905236,1.7582707104918458,0.3986196300895675,-0.07428379154308745,1,1,0,0,0,0
99,0.7102924816666667,-0.31905665730620253,1.011230334571424,-0.48873804391068554,-0.6460015574250196,-1.624297281611385,-0.17491981275587246,1,1,0,0,0,0
100,0.34446418666666667,-0.24406228938648072,-0.248940274387869,0.18874336989445267,1.133040712754482,-1.0233622874584785,0.13423987474484742,0.8999999761581421,1,0,1,0,0
104,0.35454212566669996,-0.14093552044593252,0.364320476366945,-0.23544817150093353,-0.15498380450666238,0.2900251559758745,-0.8618927358395837,0.8999999761581421,1,0,0,0,0
105,-0.06008960099999982,-0.6752989310267425,-0.4266916559361378,-1.2317076391301518,-0.03220279861441011,-0.7326060071985598,-0.2407178825171665,0.8999999761581421,1,0,1,0,0
107,1.926210030341667,0.05591518229240667,1.014656748000627,-0.31537972393817737,-0.5890410458976475,1.1841237335954822,-0.1386259596195537,0.8999999761581421,1,0,0,0,0
108,0.13078890333333382,-0.450315827267577,-1.281801626973007,0.26481045139088066,-3.098763059736422,0.07413018525759074,-0.12861195612104837,1,1,0,0,0,0
109,0.29917949969333335,-0.06594115252621072,0.7376100142269273,0.8665388805159555,-1.740587183246882,-0.17035124507838195,-0.241401280553428,1,1,0,0,0,0
110,0.09486219066666646,0.5152842249534948,1.1610518454113623,-0.11805558726475751,0.7665109890523254,-0.10034015086950399,0.20298975189264137,1,1,0,0,0,0
111,0.1968271496666667,-0.8252876668661862,-0.5424965705322239,-0.7015125023613449,-0.6424079399098293,-1.3854235693506785,-0.23097192504314928,0.8999999761581421,1,0,1,0,0
112,-0.45558824,-0.5253101951872988,-0.8169018771767502,0.37827129838742646,-1.5992407061264386,-0.4056485700654549,0.2065433869813106,1,1,0,1,0,0
114,-0.25820575366666687,-0.7502932989464643,-0.12453891104943138,-2.007755294672242,-1.8663873700623852,0.574430946482533,0.8900935902897278,0.8999999761581421,1,0,0,0,0
115,0.03731255999999972,0.5058813898107378,-0.6127344481052875,1.2308234590757576,1.6185929697748098,0.05563519935878397,-0.5600377678278299,1,1,0,2,0,0
117,0.5520459856666666,-0.97527640270563,-1.9101076254656983,-0.5568979142348864,-0.0011711497625487288,-0.968366677382991,-0.7961876956003552,1,1,0,0,0,0
118,0.614796396666667,0.28089828605157235,0.5847134282864067,1.8196148888613808,0.6149872818580984,1.5886586502661177,0.09506224184250348,1,1,0,1,0,0
119,0.30423574433333367,-0.450315827267577,-1.1551789106517338,0.757097336414137,-0.56509796601539,-0.978046103540977,-0.6324987950011521,1,1,0,0,0,0
120,0.6152362903333334,1.340222272070435,0.035881708360984366,1.9759856630051849,0.8807868975102927,1.5333084088912368,-0.6551342715162081,1,1,0,0,0,0
121,0.08305865333333307,-0.7502932989464643,-2.745995899944476,-0.6634078766689897,-0.6804890205103898,0.09636823716711862,-0.6228570835749504,0.8999999761581421,1,0,0,0,0
122,1.3196126705209998,-0.6752989310267425,-0.5287351628302694,-0.32003137528563447,-0.9808958776502825,-1.2174312798376536,-0.7060363129127559,1,1,0,0,0,0
123,-0.10894213943206668,0.15904195123295486,-0.5109123251490821,2.17148716068788,-0.33777251740258907,1.1347111584247342,-0.44165239261773737,0.800000011920929,1,0,0,0,0
124,0.1393273610000001,-0.1503383555886895,-0.9441093808592301,-1.0342262119149426,0.6472397323832468,-0.9319148522136957,0.4656995205614878,1,1,0,2,0,0
126,0.3433502696666666,-0.8252876668661862,-1.0341946097603332,-1.4663751667604439,-0.7964878178208773,0.22537591373249977,-1.0631345667939134,1,1,0,0,0,0
127,0.20955868666666655,-0.9002820347859082,-1.152478707499239,-1.2138137967148828,0.3902731352940414,0.40212727908269463,-1.035798645343455,1,1,0,0,0,0
129,0.2732933736666665,-0.09407355354703696,0.20067322727479836,-1.9353809880473436,-0.47487631395481644,1.4430428434003715,0.2138576905742432,1,1,0,0,0,0
130,-0.141016384666667,-0.4221834262467507,0.4873703731226769,-0.0423731451060973,-0.22733964994982633,-1.8828049150011148,-0.7311606361077005,1,1,0,0,0,0
131,-0.07199689999999981,-0.9002820347859082,-0.10697133343243126,-0.5526502870565773,0.17240149488567713,-2.386280111725933,-0.7880363335442815,1,1,0,0,0,0
132,0.4078668466666669,-0.3940510252259244,-1.4128150029820252,-0.8445646667812262,-1.0625712368746136,-0.5883919584750178,-0.9057460544379629,1,1,0,0,0,0
133,-0.1336154116666668,-0.6003045631070207,0.19633493682040648,-0.8454595882284233,0.4907190445624343,-0.7554423967378283,-0.5285273192412614,0.8999999761581421,1,1,0,0,0
135,0.4555867133333336,-0.97527640270563,-1.3572986286238236,-0.8867874048038874,1.827159522523058,-0.6787793210995388,-0.31104922877325636,1,1,1,1,0,0
137,0.4262947566666666,-0.5253101951872988,0.5380322399695728,-1.66357760989077,1.5163277256937349,1.3548068121937935,-0.9166140278194552,1,1,0,0,0,0
138,-1.1044931006979,-0.9002820347859082,-2.5080963763056703,-1.445594834256302,-0.8832815310694915,-0.37468006891554584,-0.9982573132181582,0.8999999761581421,1,1,0,0,0
139,-0.1453712113333332,-0.7502932989464643,-0.030691722306351754,-1.524287903195473,-0.9107723000896112,-0.6973205410274583,-0.9106456849694384,1,1,0,0,0,0
140,0.8269793966666672,-0.97527640270563,-0.9003821525527024,-0.43599218134264195,-1.4173804243205477,-2.1397079477040997,-0.8261529631480442,1,1,1,0,0,0
145,-0.14251558333333358,-0.5721721620861944,-0.4289450575252488,-0.14115804539389248,-0.6801843681078281,-1.3936591559632072,-0.7966301679815488,1,1,0,1,0,0
146,-0.1746780486666668,-0.97527640270563,-0.19730398440155983,-1.0346220324339366,-2.0906301592572967,-1.044243078794551,-1.0660503984152956,1,1,0,0,0,0
147,-0.169313375,-0.7502932989464643,-0.3049858731695355,-2.00436927043133,-0.06522246604995219,-0.7868245220265666,0.5508262260400796,1,1,0,0,0,0
149,-0.00599750399999998,0.13090955021212852,0.04152913419744292,-1.237604031074954,-0.11412492758845155,0.447208874079377,0.15713565356454184,1,1,0,2,0,0
150,-0.4610767133333331,0.5058813898107378,0.6207144764709374,0.9247372699805677,0.5225056800054696,-0.1614903992629939,-0.4373334074546345,0.8999999761581421,1,0,0,0,0
152,0.5902586133333334,-0.30032709142813335,-0.37487296844542517,-0.3077847550191506,0.638068428433276,1.1840776479415938,-0.31851326888330794,1,1,0,0,0,0
153,-0.24111549999999984,-0.8252876668661862,-1.0869301666604052,0.6584319778134939,-1.7374409459288236,-0.8877614115722866,-0.7289660186718138,1,1,0,2,0,0
154,0.16483785333333323,0.7589968945907297,-0.7902232206590221,1.216691193200262,1.3774959863287912,-0.1912761688603566,0.3604106631081382,1,1,0,0,0,0
155,-0.6110622500000003,0.5058813898107378,-0.7050179491997791,0.9250803983579214,0.5450449002365505,-2.1733302959443486,1.282964085121752,0.8999999761581421,1,0,0,0,0
157,1.055765761,-0.6752989310267425,-1.4156890593116396,-0.22302734040270467,-1.2796790468099286,0.9240175097926646,-0.7652810888418194,0.8999999761581421,1,0,1,0,0
159,-0.4593176327716666,2.633932196991221,2.4708239824087506,2.627675338723317,1.317597824838875,1.8999295593374512,0.1042560982977142,1,1,0,1,0,0
161,0.5269349866666668,-0.450315827267577,-1.699080244847417,-0.6870093454341568,0.8863783411603329,-0.2328914122247908,1.0793245966254823,0.8999999761581421,1,0,0,0,0
163,-0.34496351933333336,-0.6752989310267425,1.2350041816429065,-0.7961314625047542,0.8854231735422651,-0.7309799839995177,0.34262682672564,1,1,0,0,0,0
165,0.05664744666666665,-0.6752989310267425,1.2938568755191115,0.07690190114212281,-1.3420214089296287,0.8953563381780034,0.02229538719534939,1,1,0,1,1,0
166,0.4947709576499667,-0.01907918562731514,2.3318175399067824,-0.13146433269363592,-1.0997842959294148,0.82970160381899,0.40643151347287393,0.8999999761581421,1,0,0,0,0
167,-0.00360878666666675,0.8808532294093472,0.9739571562133175,-0.6144951224099766,1.9403319092367426,0.7936368241580083,-0.392717204011546,1,1,0,0,0,1
168,-0.3844398676666665,-0.9002820347859082,-0.8568001049993017,-3.735124474318881,-1.3827642516381844,-0.647864616599814,-0.26918894618474765,1,1,0,0,0,0
171,0.14817536666666695,-0.3471890583270288,0.17969536780506862,0.2456590703516493,-1.864732840346031,-2.2513325691966295,-0.67905712669512,1,1,0,0,0,0
172,0.35384997900000004,-0.7502932989464643,0.06493815450437657,-0.46210180937253553,0.6576281221022948,-0.6395632546314602,0.7049266494022345,1,1,0,1,0,0
173,0.12387229666666633,-0.2909242562853762,-0.457337462407034,0.9840714861815794,-1.216658851879152,0.43050615921172875,-0.16349779362949118,1,1,0,0,0,0
174,-0.3595314238424,-0.7221608979256382,-0.7281560730491935,0.1071104632502573,-1.44631591286215,-0.2737512382656118,-0.9126958790782228,1,1,0,1,0,0
175,0.47091634900000034,-0.11280311942510618,0.6763642784701454,0.3797490197867828,0.33775753040577866,0.8760876723376907,-0.3987102714010401,1,1,0,0,0,0
176,0.15838836333333317,-0.5253101951872988,-1.7297374710245297,-0.6653921628880439,-2.498772558696075,0.39254561887222994,-0.5574786714392703,1,1,0,2,0,0
177,1.5699456687333333,-0.8252876668661862,0.3636402829383627,-1.3969589283691595,-0.6218881677225869,-2.5511647420897323,-0.7600455931070185,0.8999999761581421,1,0,0,0,0
178,-0.03558435766666679,0.03718561641433748,0.8960201612661144,-0.6964577773110394,-0.913805191671299,0.9110493377254049,-0.02791158853532623,0.8999999761581421,1,0,0,0,0
179,-0.4416155873333336,1.4808081727671218,3.608527337991836,1.7235356949976428,1.3450189796737066,2.488531036842967,1.3019548068099709,1,1,0,0,0,0
180,0.03920795333333338,-0.97527640270563,-1.4248527130268152,-0.7758712001272116,-2.810504138615534,-0.9011295843499207,-1.0441816612549286,1,1,0,0,0,0
182,0.4426082069999999,-0.2721946904073069,-0.2699144831014113,-1.5212618335385117,0.6199881826687269,-1.4762904712208653,0.03371782272570097,1,1,0,1,0,0
183,1.2790976366900004,-0.01907918562731514,-1.3037018869215713,-0.7939119371611341,0.32649111660793956,-1.1374429716563206,0.6767992293577192,1,1,0,3,0,0
184,0.00839625566666679,-0.9002820347859082,-1.004554391086544,-1.37127900707432,-0.76679253992164,-2.2943508754473037,0.386521815983233,1,1,0,0,0,0
185,-0.5344033133333335,-0.97527640270563,-1.9088989451097995,-1.0415683306387058,-0.3619651379918718,-1.325469847423716,-0.33218900802827783,1,1,0,0,0,0
186,0.5898968994266666,-0.1690679214667588,-1.4324620456327606,0.06678537578576224,0.5533530766649992,0.1729897282391089,-0.9077676347973996,1,1,0,1,0,0
188,0.1375784413333332,-0.7502932989464643,-1.9186010605710482,-0.43070918693156807,-3.2501872778547973,-0.7658191168300379,-0.9289815876708528,1,1,0,0,0,0
190,0.200688530284,-0.4221834262467507,-0.26005229720980894,-1.2768518821732584,-0.5360873941324277,-0.6815489798341021,0.4420724920484821,0.8999999761581421,1,0,0,0,0
191,-0.2568629156666664,-0.97527640270563,-2.079241691764187,-1.7143603192505354,-0.7261105655139036,-2.343580713323152,-0.4832616447012753,1,1,0,0,0,0
194,-0.1351734893333334,-0.09407355354703696,-1.4563352064059158,0.6130770889568244,1.2059141628828796,0.2072462971512351,-0.6996957473902162,1,1,0,0,0,0
195,-0.08954832999999995,-0.6003045631070207,-1.6185048383576617,-0.9225249019432463,-1.7559422816263999,-2.2677593902471793,-0.5157458313582368,1,1,0,0,0,0
197,0.4979830766666664,-0.6003045631070207,-1.2666531558917737,1.188734000524984,1.2122610509808742,-0.4638326275159998,-0.36479289347286464,0.8999999761581421,1,0,1,1,1
198,2.1066622459596664,-0.8252876668661862,-0.2585312661060205,-0.780428856049546,0.4722913841209855,-0.19692661248140286,-1.055116029835112,1,1,0,0,0,0
199,-0.955530251,-0.4971777941664725,-1.368844589515594,0.10944237620792213,-2.3449251335009706,-0.6081045899271917,0.2324630979801824,1,1,0,0,0,0
200,0.2195669966666665,0.08404758331323303,0.9966622859404597,-0.18982043403244725,0.961515653735719,0.06731338984467558,-0.3245441524220359,1,1,0,0,0,0
203,0.4949600816403332,0.7402673287126605,1.6072910190916123,0.012075633592921076,-0.8843526233341298,1.624656709463411,-0.35627851114415454,0.8999999761581421,1,0,1,0,0
204,0.00132794899999999,-0.8252876668661862,-2.474066071094953,-0.6048753680960928,-0.12836487788532258,-0.9809855976523308,-0.3343681033245739,1,1,0,0,0,0
207,0.9349905132403332,1.1902335362309917,2.1955218861144203,2.2764931439326332,2.7883071711517595,0.9999735701309733,1.0837076504994196,NA,1,0,0,0,0
209,-0.03854899333333339,-0.1690679214667588,-0.6083386569879291,-0.054510741584393424,1.5013478325040592,-1.2460249612511665,-0.43307939351007674,1,1,0,0,0,1
210,-0.18005762999999986,-0.5253101951872988,0.8170498585770317,0.5719143903647107,-2.0518033474324824,-0.6201765230622305,-0.06017186505673765,0.8999999761581421,1,0,0,0,0
213,0.4293752799999999,-0.7502932989464643,-0.9722451713660172,1.0031885644283187,-1.6860133522558547,0.7044330397768839,-0.8101575945895462,1,1,0,0,0,0
215,-0.25390796633333346,0.618410993894043,2.6537134994688927,-0.7011837703785959,1.1862213024276187,0.2932881465743398,0.7052649451353935,1,1,0,0,0,1
216,-0.09166784866666666,-0.6752989310267425,-0.3628045735802741,-0.5281827025460838,0.9509678085680064,-0.40952407807969277,-0.3744894018679272,0.8999999761581421,1,0,1,1,0
217,-0.12355748666666688,-0.9002820347859082,-0.8236237910862452,-0.6792863590323903,-0.5372049237069243,-1.2148984823467983,-0.6790818512345972,1,1,0,0,0,0
218,0.9826699806666666,-0.19720032248758512,1.203587818813975,1.9772048410767993,-1.3908966164526642,-0.8805400537175028,1.5903213441750914,0.8999999761581421,1,0,0,0,0
219,-1.1303462366666666,-0.8252876668661862,-1.0557406393802986,-1.088825864953579,-1.9021764309685851,-1.3462005548399554,-0.6015142295139857,1,1,0,0,0,0
221,-0.6010817136666664,0.9933828334926524,0.6953425046678648,1.102236422618409,1.956740057478084,1.1999973322506086,-0.7407243194054908,1,1,0,0,0,0
222,-0.16619676000000003,1.1902335362309917,0.3328032991999531,0.5398818708385984,2.0819350008381736,0.8845343712749223,1.552438765462476,0.8999999761581421,1,0,2,0,0
223,0.5113172308309667,0.17777151711102418,1.0467435539578052,0.6983836244116719,1.4728722941876913,-1.0170416922449648,0.3467805532320334,1,1,0,1,1,0
224,0.511831992241,0.22463348400991967,0.4771479830981713,-0.7959170800256025,-1.926084132464839,1.0515587666534885,-0.25979965454377246,0.800000011920929,1,0,0,0,0
225,0.5654690043333335,2.202695555350959,2.1130640825743225,2.724856082159309,3.5350650084521544,2.1432062331779145,1.842423858171054,1,1,0,1,0,0
226,-0.3454366679999996,-0.5253101951872988,-0.9406000227163258,-0.5348579823614088,-0.2157248575771854,-0.6613259808291436,0.479426514469638,1,1,0,0,0,0
227,0.9796658613333332,-0.19720032248758512,-1.301308041465817,0.40865158773680665,-0.3246927925958464,-0.17676906079781546,0.692057930990912,1,1,0,0,0,0
228,-0.06896807866666665,-0.6190341289850899,-1.264691648517882,1.0132429518473627,0.2630016358563373,-1.435747459466778,-0.6295127136710988,1,1,0,0,0,0
229,0.12599783666666653,0.5340137908315642,1.014460670253458,0.7131099717652852,-0.17375055542573414,-0.2367496837498302,-0.7279922806014207,1,0,0,0,0,0
230,-0.2906576814666666,0.05591518229240667,-0.40543130826118695,1.6080592573413752,-0.13776904180176838,0.6386915559246853,-0.5337211443168485,0.8999999761581421,1,0,2,1,0
231,-0.28124033999999987,-0.4690453931456462,-0.9711094635956157,1.8141296968347609,0.5644157684559215,-2.6328763455217628,-0.5493025848437194,0.8999999761581421,1,0,0,0,0
232,-0.01794896666666678,0.6558701256501815,0.2794618837327391,0.8018605281545639,0.5863897927267754,-0.03986483545963959,1.5371203007322891,0.8999999761581421,1,0,0,0,0
233,0.42888431766666657,-0.6190341289850899,-0.16198212584178018,-0.02822632169014483,-2.9757590474561493,0.45752527674122134,-0.9559530301686384,1,1,0,0,0,0
236,0.01160118999999992,-0.8252876668661862,0.9015121490720712,-0.38117012926367616,-0.015353895797402206,-1.6408162089452445,-0.7894448002760184,0.8999999761581421,1,0,0,0,0
237,-0.9162752522666666,1.2652279041507135,1.114233449868239,0.6945118174774678,2.7943729631652983,-0.7093954017702637,0.8642378786596037,0.8999999761581421,1,0,0,0,0
238,1.1283332753333335,-0.4690453931456462,-0.1408685912763562,-1.1249963356509163,-0.7565103024596447,-1.1342311519661497,-1.0412658296335464,1,1,0,0,0,0
239,0.7599217456666667,-0.6752989310267425,-2.0825539602534713,0.18602568704141698,-0.34949804278950325,-1.2647549293663163,0.04587841856128487,1,1,0,0,0,0
241,-0.11338853666666716,0.430887021891016,0.4010380212903834,1.2416172464846764,1.3072156260711674,-0.45683377103276,-0.23714334269910947,0.8999999761581421,1,0,2,0,0
243,-0.31841596333333344,-0.1690679214667588,0.710647761374348,0.22850122334706718,0.2921810822251504,0.6716794214514916,-0.4051187255021977,0.8999999761581421,1,0,0,0,0
244,-0.0954040483333336,-0.97527640270563,-0.09531081431102273,-1.1221748720029716,-1.1623997040621077,-0.3722745526656541,-0.5091203083913627,1,1,0,0,1,0
245,0.8624004130000003,-0.7221608979256382,-1.7322496943687269,-0.05540364449595403,-1.5236270843314825,0.8849374082435244,-0.978074291213903,1,1,0,0,0,0
247,-0.7218025446666667,-0.3940510252259244,-0.8616731396090838,-1.2014087782297058,-1.0700352961838901,-1.3130151945361215,0.5062362058165049,1,1,0,0,0,0
248,0.1801239033333335,-0.01907918562731514,-0.007090579071423169,-0.7354840018440982,0.24992132976770798,-0.46777103030004674,1.4685429399150087,1,1,0,0,0,0
249,0.22775369599999995,-0.8252876668661862,-2.1541510934349075,-0.7590941534164967,-2.0818073510236914,-0.9289931978468848,-0.4482585736349313,0.8999999761581421,1,0,0,0,0
251,0.17579695566666653,0.4777489887899115,1.395341750546534,2.202467988219204,0.8096752495698909,2.052429391331062,-0.3165580837225619,1,1,0,0,0,0
254,1.2259141013529995,0.11217998433405928,0.1366610154093585,3.5894595392815165,-0.8873226022922504,1.531892107423485,1.1172640222808226,0.800000011920929,1,1,1,1,1
255,-0.2698971156666665,0.965250432471826,1.1779723948788854,0.7322716413060537,0.6065600397538176,2.013039905432923,-0.9499846873186216,1,1,0,0,0,0
256,-0.236716822,-0.1690679214667588,-1.798024684960423,-1.125956510449699,-0.6936024506510854,0.5645942484787765,-0.24739431324303143,0.8999999761581421,1,0,0,0,0
257,0.2478521243333336,-0.9002820347859082,-1.0843422486763037,-0.6997293362569812,-2.6234276838768853,-0.96088864959046,-0.8422772675939445,1,1,0,0,0,0
258,-0.2568794013333333,-0.79715526584536,-0.912520507761525,-2.09590330840071,-1.3696673314329548,-0.26208485160514916,-0.9000757953419278,1,1,0,0,0,0
259,-0.5754133839999998,-0.04721158664814148,1.2959944833178272,-1.4810907677499225,-1.7407605906938675,1.0655625116662792,-0.3196847338697376,1,1,0,0,0,0
261,0.2281246336666665,-0.18779748734482815,-1.0482847308695302,-1.2701358212336835,-1.5211055755718101,-0.6029073413734658,-0.8252131867169052,0.8999999761581421,1,0,1,0,0
262,-0.06265782000000009,-0.6190341289850899,-0.3339886188489816,0.341243185236613,-0.35748479649219633,-1.3505066065656683,-0.03974020837745481,0.8999999761581421,1,0,2,0,0
264,0.9556933606666668,-0.1503383555886895,0.02626168846634963,0.925746387959864,-0.4656830641565465,-0.5744363251166683,0.29853261717208346,1,1,0,1,0,1
265,0.18830360000000024,-0.97527640270563,-1.319093414515653,-0.4573798006468405,-0.3756551083888727,-1.6843694239007267,-0.9761321976629138,1,1,0,0,0,0
266,0.05121573966666681,0.7121349276918342,0.5268029047356474,0.6165043144373706,-0.7675692176785464,0.22397154790471835,0.12903292335961328,1,1,0,0,1,1
267,-0.5720850690000001,-0.97527640270563,0.08212156845208374,-0.013338556628824882,-0.10272794956238962,-2.5472899679071928,-0.9978928342654854,1,1,0,0,0,0
268,-0.3823084961433334,-0.5253101951872988,-0.00396268392422483,-1.7172725806782019,-1.234665895647062,-1.9559644291477478,-0.13449695765263747,1,1,0,0,0,0
270,0.365817073333333,0.430887021891016,1.4221795805569974,1.616504181722473,-1.469714188130491,-0.015570465354972696,0.2761171615827075,0.8999999761581421,1,0,0,0,0
271,0.3478377366666665,-0.31905665730620253,1.2242839764477893,-1.8290776402299362,1.5263617302801122,-0.5333938155408902,0.3956299352900726,1,1,0,0,0,0
272,0.01964876966666651,-0.7502932989464643,-2.482307551777521,1.089463778903675,-0.4411682147142148,-2.504123589799998,-0.6619930111181902,1,1,0,3,1,0
273,-0.145339963333333,-0.01907918562731514,-1.1478667915768945,0.0977477807947688,1.262462259681982,-0.03343871724798305,-0.4491242111475292,1,1,0,0,0,0
274,0.8614189346666667,-0.5253101951872988,-2.3292969627123914,0.28034228144696627,-0.6725064172780714,-0.30457998763803656,-0.2981101912534822,0.800000011920929,1,0,1,0,0
275,-0.2471111138333334,-0.8252876668661862,-0.15232828161980605,-2.294422989777845,-1.8207542606183003,-2.411553994260692,-0.37119745836415186,0.8999999761581421,1,0,1,0,0
277,-1.3775695506666668,-0.97527640270563,-1.6125171150187148,-1.3566593714843351,0.6305006890366232,-0.4130003367972359,-0.5179705212235076,1,1,0,0,0,0
279,-0.42095749066666666,-0.79715526584536,0.4962399984187573,-1.1264247726103462,-0.40737748358772935,-0.1534497087269,-0.6696470691243187,0.8999999761581421,1,0,1,0,0
281,0.02443478033333312,-0.5440397610653681,-0.8590038553016861,-1.2662387437361529,-1.2458214661264537,-0.2664842676669982,0.05441120568976793,1,1,0,0,0,0
282,0.593734618,0.17777151711102418,-0.05249040691373233,0.1976884243183304,1.6514572989338843,0.20650051083429635,-0.3061248737023035,1,1,0,0,0,0
284,-0.6799163913333335,0.0090532153935112,1.2117683549426905,0.20603457567127811,-0.29086553065906295,-0.008116105719987231,-0.2612314218348404,0.8999999761581421,1,0,1,1,1
285,-0.5318430629999997,-0.6752989310267425,-1.2860509256039885,-1.2782887087811319,1.406122358527842,-0.4173457800014667,-0.8477861572431405,1,1,1,0,0,0
286,-0.5840643043333336,-0.450315827267577,-1.9901909892228633,0.2896727969313253,-1.2044238652637642,-0.07956000246851913,0.18875069520311524,1,1,0,1,1,0
287,-0.23552791466666667,-0.4971777941664725,-0.4856908371796435,-0.7652649381346532,1.00345854600188,-0.5231812494607065,-0.560899550830448,1,1,0,0,0,0
289,-0.18271017633333345,-0.5440397610653681,-3.0873038993427846,-0.11941161070954032,1.455888031219843,-1.277724730884143,-0.23478200792647697,0.8999999761581421,1,0,0,0,0
290,0.22486442080966668,-0.5721721620861944,-0.9101758016018626,0.026822984996074606,-1.749479732458534,0.01689082234951811,-0.14589616202343889,1,1,0,0,0,0
291,0.21431174233333328,-0.6752989310267425,-2.45566257328628,1.6207767917731695,-2.651776843907302,-2.486075936870023,-0.5988431780576511,1,1,0,1,0,0
296,0.39519359666666687,-0.8252876668661862,-0.10639914838063225,-0.2625329381054391,0.13053725803980887,-0.025732426173626255,-1.05220019821373,1,1,0,0,0,0
298,0.7365172590000002,0.4965546590754257,0.5278611855328976,0.3082759895944033,1.8230554769717207,1.4754584517475309,0.1314073844418931,0.8999999761581421,1,0,1,0,0
299,0.3104473033333335,0.2996278519296415,-0.7615645277600142,0.7724659124405195,1.591912656380194,0.5998170362480126,0.21773027944639176,1,1,0,0,0,0
300,-0.46277220099999994,-0.24406228938648072,-0.6004521287869986,0.12573538447874455,0.1334255615859175,-0.524140070069884,0.3320244688388021,1,1,0,1,0,0
301,0.7403904887666334,2.315225159434264,1.8131841188795321,1.9102741603562736,2.5525695237060035,3.5060839784996167,-0.4062979342084776,1,1,0,0,0,0
302,0.605757902,0.7402673287126605,-0.9815968675781942,1.0126889767129708,0.42738900459783563,2.038627348377341,1.9811050085612276,1,1,0,1,0,0
303,0.40619559333333366,-0.09407355354703696,-0.4516037833886821,-0.8743868078873454,0.2628100615185626,-1.1255752604788156,-0.5131241942809661,1,1,0,0,0,0
304,-0.2225609856666665,-0.97527640270563,-0.9712562755106757,1.1630159855976936,-1.7263884428473824,-2.370268405640216,-0.8347885029444159,1,1,1,1,0,0
305,0.03264646369000001,-0.97527640270563,0.844871468668658,-3.5612346319530026,-1.8068448675496604,0.2224181335056532,-0.995341481596776,1,1,0,0,0,0
309,-0.5020271386666664,0.6277377246293554,0.8896687130750267,1.0152489114984893,1.9260420802432636,-0.137747340922033,-0.19705840162495372,1,0,0,1,1,0
311,0.07333157433333337,-0.2909242562853762,-1.2441641862418478,-0.998215779880808,0.41979124489999775,0.29446705554613717,-0.690608498112874,1,1,0,0,0,0
312,0.4954956526723333,-0.7502932989464643,-2.4483873944427788,-1.2606318443250526,-0.18628146746012142,-1.0715505255607551,-0.5958856410771646,1,1,0,0,0,0
313,-0.5940776226666666,1.4527518761537406,0.6669774606289077,0.07320216129002666,2.24984109228808,-0.2565823670502303,0.1958576530761546,0.800000011920929,1,0,0,0,0
314,0.3137736276666667,-0.3753214593478552,-0.525818944205248,0.42236158984868133,-0.33181829587132333,-0.5905630496688394,-0.5050717303828012,0.8999999761581421,1,0,1,0,0
316,0.06838540674202,1.8464532816304189,3.0999610340312165,1.4982593268388018,1.7139271739937634,1.4526751623540686,1.996878864077616,0.8999999761581421,1,0,0,0,0
321,0.10307975366666657,1.143371569332096,1.8328873381258832,0.20466616548910554,-0.25658037806828315,1.2878968049673796,-0.20042212291721723,1,1,0,0,0,0
322,-0.1354089566666663,-0.4690453931456462,-0.08569879962976124,-0.86129300873996,-0.44700285835331416,-0.8255056792899317,-0.5470076452697779,0.8999999761581421,1,0,1,0,0
323,-0.6487587800000001,0.5808757577304597,1.377410673517026,1.9634810972509495,-0.3542155429359143,1.2394450176637664,1.0720650900014113,1,1,0,0,0,0
324,0.11038135000000038,1.0965096024332006,-0.27566188458543395,1.80239413103908,0.950004620748313,1.4815832596448781,2.177703205674878,1,1,0,0,0,0
328,-0.2104575456666664,-0.5721721620861944,-1.797865384320136,-2.089558656251569,-0.7910763056913672,-0.6758552857684338,-0.752706599674499,1,1,0,0,0,0
329,-0.07764656522313333,1.0589743662696172,2.752897282426891,1.4604712378780633,-0.1815876381438335,1.8924429055518173,0.7959838815816092,1,1,0,0,0,0
330,1.222870032673,-0.6752989310267425,-2.3297533790359544,-1.7970729058927986,0.5813095159970103,-0.9978994045726118,-9.609813671473816e-4,1,1,0,0,0,0
331,0.09600820033333313,-0.07534398766896766,1.0322445012297699,0.9494775580158226,-1.2522269227893157,0.03662069475384433,0.6233250693626357,1,1,0,0,0,0
333,0.26147286666666636,-0.2909242562853762,0.09102625881737081,-0.38577942105724966,-2.040327439430376,-1.40843019070229,0.05580661551163822,1,1,0,2,0,0
334,0.13042302166666664,-0.30032709142813335,1.2686665147731049,-0.48083087423970705,-1.3266243327302465,1.712118386757584,0.0771286342429961,1,1,0,0,0,0
335,1.6538772307333334,-0.1690679214667588,0.16845411533739946,0.5092767304445716,-0.08543478544516103,-0.1817165180049771,-0.17970398071378282,1,0,0,0,0,0
336,-0.3456146326666669,0.08404758331323303,0.7172995458082604,1.2428781894701344,0.033484703422412054,-0.08629572429706389,0.5589435917570087,1,1,0,0,0,0
338,1.6981629435426666,-0.04721158664814148,0.24330968060743427,-1.5489734454940545,0.36128148985112357,-0.7453270261140955,0.02400582689093809,1,1,0,2,0,0
339,-0.14656476100000004,0.8621236635312778,0.6926527807075358,1.1491995731919213,0.0023937530399689155,0.04000731052626838,-0.507408375315847,1,1,0,1,0,0
341,-0.3018986463333333,-0.3940510252259244,-0.8480766410490181,-0.5969271821106442,0.13978983657257182,-0.10540991040465325,-0.5318284651449233,1,1,0,0,0,0
342,0.6112674266666667,0.5058813898107378,0.6070058756242943,-0.7765192208402804,1.5257574987264233,0.578591465798631,-0.3075125051044334,1,1,0,0,0,0
343,-0.6133675533333336,0.440289857033773,-0.7410816735971613,1.1630980739318746,-0.6139853982079535,0.7185178582981303,0.07277426346049304,1,1,0,0,0,0
344,-0.0284486026666666,0.17777151711102418,3.421766234610791,1.4863975571722068,0.37691313738202814,0.6556770505338805,0.25824463599187486,1,1,0,0,0,0
346,-0.32802600800000015,-0.3753214593478552,0.0847616613284255,-0.3636328595169654,-0.6674678434382585,-1.0036768705539407,0.6020772242497097,1,1,0,1,0,0
347,-1.539302751,-0.97527640270563,0.08755555099342605,-2.967769478145224,-2.1379154568860437,-0.5401648736497922,-1.0576673825038214,1,1,0,0,0,0
348,0.29556342733333296,-0.450315827267577,0.6392246935614526,0.1871574088534269,0.28820269623820394,-0.8636414192208905,-0.6409065354521033,1,1,0,0,0,0
349,-0.49630575166666646,-0.30032709142813335,0.2984261694812283,-0.309556581155055,0.15761002241908473,-1.3857690768869046,1.428004414275875,1,1,0,0,0,0
350,-0.2656771039999999,-0.8252876668661862,-2.366945876620907,-1.144383611533333,-1.939753897975996,-1.7258573325298707,-0.8030541095224066,1,1,0,0,0,0
352,0.7184249702616666,-0.8252876668661862,-0.3288739728327834,-1.5783771660304045,-2.078163709721671,-0.20502721512389765,-0.6234818301323709,0.8999999761581421,1,0,1,0,0
354,0.04747692000000025,-0.3753214593478552,-1.187120195196969,-1.8755526892045529,-0.8212433876130871,0.19475364508605064,-0.2985827707639503,1,1,0,0,0,0
356,0.1418450633333337,0.05591518229240667,-0.30642836384113453,0.28538576520435394,-0.707018646083768,0.14104354863666638,-0.3502646431249441,1,1,0,0,0,0
357,-0.03325435666666676,-0.9002820347859082,-0.10556640499419045,-0.7016014066131204,-0.052761843201842296,-0.7464299513118485,0.5676014602629144,1,1,0,0,0,0
358,-0.3627376820000001,-0.5253101951872988,-0.14319818161518927,1.6926202214390869,-0.0035394494969356316,-1.6233592569585147,-0.7907946502288046,1,1,0,0,1,0
359,0.6293976990000001,2.1745631543301327,3.0201977561686935,3.0716919418609763,2.710633893997626,1.5508950054664759,-0.2548908563123007,1,1,0,0,0,0
360,1.070414373603,1.790188479588766,0.7309732588496061,1.9914798747614113,2.8207758602812136,1.6955107429050296,3.965279674132207,1,1,0,0,0,0
361,0.9457932416,0.4590194229118424,-0.6240080470125929,1.0309441593710553,0.3757276565516966,-0.24386514312264318,1.474982021891377,0.8999999761581421,1,0,0,0,0
362,-0.32678613899999975,-0.4971777941664725,-1.8676267622941092,-0.24119042140144686,-0.9390378675903486,1.0518807351716646,-0.5389110801825654,1,1,0,1,0,0
363,-0.3159786296666667,0.20590391813185055,-0.8911734729906595,-1.2022456464478597,-0.24844093783148335,-1.213185793831975,-0.7016300972213553,0.8999999761581421,1,0,0,1,1
364,-0.169076982,1.5277462440734624,-0.1754879074456841,2.0101166730878304,1.7973577591403016,0.10809446559549496,0.8763554145557177,1,1,0,1,1,1
365,-0.5026539333333331,0.5246109556888071,0.6580400612957382,0.5689684363116959,0.33112024428141995,0.47964574227317547,3.3173097482466822,1,1,0,0,0,0
366,-0.20662314514036664,-0.24406228938648072,0.4906929749605396,-1.6143822411981494,0.5762236002727779,-1.8700947850288465,0.2020576497815716,0.8999999761581421,1,0,0,0,0
367,0.08418870066666662,-0.6752989310267425,-0.3115412910591144,0.5470549971326093,-0.9670189173445345,-1.847862582423517,-0.9658186864302808,1,1,0,0,0,0
369,0.28251891900000015,0.7121349276918342,1.919597550583826,1.6604076598594346,0.2898726320805385,1.8340417011306496,0.7044579938015273,0.8999999761581421,1,0,0,0,0
370,-0.33901634833333283,-0.1690679214667588,0.9297287453147536,1.4267697404215185,-0.043463301519707565,-0.847803570691342,-0.02943975405468812,1,1,0,1,0,0
371,0.44277806333333336,-0.4221834262467507,-1.740454114559447,0.4107373134988905,-0.5053613309113612,0.11179629228546367,-0.430846959924956,1,1,0,0,0,0
372,-0.18440132766666717,-0.97527640270563,-0.08363840101556808,-1.8322003492411365,0.722990380970479,-2.4225507781977176,-0.09052394026663314,1,1,0,1,0,0
373,0.43493710333333313,-0.9002820347859082,-0.4569562177035631,0.36660761373348105,-1.8935112742402669,-0.624102049781766,-0.3942662395604054,1,1,0,0,0,0
374,-0.10843872000000032,-0.97527640270563,-1.5295323086840331,0.21134560962128712,-1.1766387878395639,-2.86826153540108,-0.4337125790592241,1,1,0,0,0,0
375,-0.00468912069233329,0.8621236635312778,1.041343380652617,1.9684364688920852,-0.16791090475501813,-0.37858650725186116,-0.2529070574022072,1,1,0,2,0,0
376,-0.0627141448346667,0.6558701256501815,-0.11122578479318757,-0.01773450635119389,-0.11562274107765114,0.9105030163101301,1.0928573017236056,0.8999999761581421,1,0,1,0,0
377,0.2544467793333336,-0.5440397610653681,-1.628196386195715,-0.500692741826952,-2.007831594260074,-0.5756106351389552,-0.6580578815573309,1,1,0,0,0,0
378,0.36109966886666656,0.15904195123295486,-0.3255128294928795,0.3739801945526997,0.16782004513719628,-0.9290434152417584,1.006031824179036,1,1,0,0,0,0
381,0.8143728246666664,0.7965321307543131,0.39592068101929745,0.8546140393081059,-0.1587402947851787,1.448648437579994,1.258109301331222,0.8999999761581421,1,0,0,0,0
382,0.520358246666667,-0.6752989310267425,-0.6925629859802607,-0.6879519836780186,-0.7064494934698221,-2.4629827690298294,-0.44911646742767913,1,1,0,0,0,0
384,-0.6094412716666666,-0.8252876668661862,-0.7818358999363023,-0.02604708274260581,1.1112002864954065,-1.8293926674045666,-0.5316709502080641,1,1,0,0,0,0
385,0.29200355,-0.97527640270563,-0.2339148995693786,-1.2219921515215448,-1.830388407331169,-0.5798130032552364,0.55142774143795,1,1,0,1,0,0
386,-0.03174316993333337,-0.24406228938648072,-0.59858921050062,0.17217920616502708,-0.15409276472798558,-0.3093615162744462,-0.5822045887421785,0.8999999761581421,1,0,0,0,0
388,0.37227261866666694,-0.30032709142813335,1.3857316286267505,-0.11920903129257568,-1.291426588541224,-0.6988573515763024,-0.4811736344432568,0.8999999761581421,1,0,1,0,0
389,-0.6292134833333334,-0.6752989310267425,-1.276179226877462,1.0930119411304335,-1.375127312031349,-1.1224574240908773,-0.46560525082625226,0.8999999761581421,1,0,1,0,0
391,-0.27769549066666666,1.4246194751329142,1.5350210220797498,1.71579161166358,2.1868527113690917,1.500154911742503,1.9875788526965077,0.8999999761581421,0,0,0,0,0
392,0.4516927236666666,-0.97527640270563,-1.5623167015691353,-1.8242740101472008,-0.7964916034311901,-1.8035891785299687,-0.7376015584681855,1,1,0,0,0,0
393,-0.05926324999999988,-0.8252876668661862,-2.079690706258444,-2.338666308156105,0.1885970344669594,-3.0916507933228523,0.9659230272213436,1,1,0,0,0,0
394,0.38355564,0.4590194229118424,0.8389085952604689,-0.23901335922031008,1.2460618023246468,-0.73658425400527,0.25501130926704996,1,1,0,0,0,0
395,0.2407012700000002,-0.5440397610653681,-0.5092136494794601,-0.1625674941677001,-0.5484131472961401,-0.8580086333781919,-0.28589629182896426,1,1,0,0,0,0
396,-0.5113943533333334,-0.5253101951872988,0.058305305230797355,-0.9370859077893272,-0.021987834068667667,1.4102855625784572,-0.05969928554626957,1,1,0,0,0,0
397,-0.1454315209999999,-0.97527640270563,-1.0007514313172412,-0.720772421410155,-1.0709873640654288,-0.1275218888410099,-0.981855760347883,1,1,1,0,0,0
398,0.8731601939000001,-0.1503383555886895,0.8470527340050624,-0.2754592707358779,1.5507878131608592,0.5657712401426614,-0.7459011983613413,1,1,0,0,0,0
399,0.17690964633333328,-0.9002820347859082,-2.233294172977025,-1.0577910434707525,-1.141054693136735,-0.7945064555297381,0.01521662666768731,1,1,0,0,0,0
400,0.5396475153081,-0.14093552044593252,-0.07753597591572871,-0.5554080073658555,-0.6723293633240396,-0.3139353906082375,0.6194563350004673,0.8999999761581421,1,0,1,1,0
402,1.1219498719166667,0.7589968945907297,1.0890717747236556,-0.189335196815558,1.0595710216991596,0.5619007000529188,-0.07102820550850955,1,1,1,0,0,0
403,0.38758648666666673,-0.9002820347859082,-1.0209540216121376,-1.0186200793639004,-0.014619806740833408,-1.1950467271643364,-0.6097852903576846,1,1,0,0,0,0
404,-0.5139362576666668,-0.5721721620861944,0.4449095744209155,-1.057225930209444,-1.3893970213447768,-0.067426964514259,0.3986223363598297,0.800000011920929,1,0,0,0,0
405,0.4348851491732,-0.6003045631070207,0.5791995834519383,1.1527065540976458,-1.4458606281549138,1.2618530755265085,0.4443411790608231,0.800000011920929,1,0,0,0,0
406,-0.3810182659999999,-0.4221834262467507,-0.24194105775393263,-0.4344048341259466,-0.648454649510305,-2.5636181669869833,0.25096811384828555,1,1,0,1,0,0
408,0.5668684359286666,-0.79715526584536,0.3320722486940406,-0.8415824362104162,-0.033597421166900676,-1.070446920450939,-0.7779637479667162,1,1,0,0,0,0
409,-0.3123361233333335,-0.6003045631070207,-1.990170843182663,0.8430510416159727,-1.980768903627864,-0.9697040069158602,-0.7446386136367434,1,1,0,0,0,0
411,0.22132794066666683,-0.97527640270563,-0.9950440369109578,-3.9365016723301594,-0.4078662370386057,0.19258120532349476,0.3691009998733709,1,1,0,0,0,0
413,0.2106192739999999,-0.6003045631070207,0.17646391474766465,-0.33517814068975466,-0.09176375029538664,0.13818126559814758,-0.5695312014169492,1,1,0,0,0,0
414,0.0771091066666667,-0.8252876668661862,0.9052610891434245,1.1173056849781549,0.15409485751920582,-0.2629596226855856,-0.9298433706734706,1,1,0,1,0,0
416,0.3034108899999999,0.10277714919130236,1.7251651922565066,2.0037986354352326,-0.5788801580219879,-0.360100054636586,-0.03047068492388585,1,1,0,1,0,0
418,0.01619379999999992,0.08404758331323303,-0.7462265972261708,-0.5500435678722051,-1.1170597549138304,-1.7189899673906515,-0.6776656060831199,0.800000011920929,1,0,0,0,0
419,-0.33998259399999986,-0.3753214593478552,0.8800131897301092,-0.5926446467131976,2.037521506300822,0.42480048969525763,-0.7706115935246589,0.8999999761581421,1,0,1,0,0
421,0.471939519,1.1152391683112697,2.087275750738336,1.3139656677668268,1.8418226744522448,-0.03493624248869587,-0.02367837522048496,1,1,0,3,0,0
422,-0.4836715533333331,-0.450315827267577,-0.5551626615979915,0.22610963657263838,-2.321375774510006,-1.2450195237565986,-0.4372747559757937,1,1,0,0,0,0
423,-0.04259447466666666,-0.24406228938648072,-2.311860598483839,-1.1078796529498123,1.208490906353025,-0.9882198894640235,0.3263318463333428,1,1,0,1,0,0
424,-0.13264721000000002,-0.6471665300059162,0.2571095723616389,0.45850960069526203,-0.9011295369965893,-2.5143598933528652,0.13999736436918067,1,1,0,0,0,0
425,0.3369284543333333,0.9089856304301736,2.046271176868035,1.9415232055039213,1.8829417855216912,2.0679216199368273,0.5981474078788666,1,1,0,1,0,0
426,-0.14520968599999984,-0.5253101951872988,-0.8407711060003408,0.8670111736612195,-1.0700564585164172,0.41875603360022795,0.1066919883928582,1,1,0,0,0,0
427,-0.12159257366666654,-0.09407355354703696,0.5996067980582217,-0.17101736813873242,-0.4803034079296427,0.6398952592382722,-0.16658273841756258,1,1,0,1,0,0
428,-0.18365472899999968,-0.8252876668661862,-0.06372680375432993,-1.18148488251618,-0.48219688022723195,0.4666472063831324,-0.4309264814332944,1,1,0,1,0,0
429,-0.11260880333333344,-0.9002820347859082,-1.4336773397370575,-1.5357295208126998,-2.5487103250101577,0.36638540138950915,-1.0441816612549286,0.8999999761581421,1,0,0,0,0
431,-0.25911357599999985,-0.1690679214667588,-0.45436928106719127,0.7862029038766032,0.5018803315868183,-1.6795546541311397,0.3785697089230132,1,1,0,0,0,0
432,1.5419802622033334,2.277689923270681,1.455379237856165,2.29161241003391,2.645398049693193,1.4930558070951,1.2020172893690673,1,1,0,0,0,0
434,0.67998922,-0.1503383555886895,0.28952480859381,1.465299720937467,-1.2988268317325455,1.3544717343676806,0.35573115760201374,1,1,0,0,0,0
436,-0.02187167033333326,-0.6752989310267425,-1.8131027371252517,-1.089394594710091,-3.584167849133611,-3.642422361840522,-1.037231836614669,1,1,1,0,0,0
437,-0.466170076892,-0.4221834262467507,-2.104205685648792,-0.9963231460417838,1.279936647379591,-0.17548331509054457,-0.2850306543163663,1,1,0,1,0,0
438,-0.3806291966666664,-0.3940510252259244,-0.06580167145447702,0.054683807203637025,-0.305044382084677,0.9157426143790612,-0.2156274515616951,1,1,1,0,0,0
439,-0.1147492162,1.1152391683112697,0.7668596595572706,1.4585206090459821,2.7211987826880413,2.4055296154925134,0.7063143155042547,1,1,1,1,0,0
440,-0.3577181583333333,-0.4221834262467507,0.07108623734982522,-1.552688255384905,0.48965222839320394,0.07375744402112122,-0.7141629504293523,1,1,0,0,0,0
441,0.7691142764973333,-0.450315827267577,0.2257483769723042,-1.1146463841114058,-1.9217838037503157,-0.4979114749469353,0.4546701777331564,1,1,0,1,0,0
442,-0.06918766166666712,0.48715182393266854,-0.035316249310179626,0.5841675530227532,-0.021426262378178684,1.253601441417831,-0.137984232242506,0.8999999761581421,1,0,0,0,0
443,-0.623157403,-0.4221834262467507,-2.6868289618862042,-1.0627148090585588,1.6690299384445857,-0.4723037296689327,0.07538961549795017,1,1,0,1,0,0
446,-0.25652763298319997,-0.5253101951872988,-0.6653495676634856,-1.1203620771950904,-1.2646786015288618,-1.7741273768914403,-0.4018708831874699,0.8999999761581421,1,0,0,0,0
447,-0.7423919353333335,-0.6003045631070207,-0.6649088101411172,-1.9459147105120056,-1.5859175139469974,-0.2121726877698744,-0.30045072539639833,1,1,0,0,0,0
448,0.18070968766666673,0.1871743522537812,2.4016971210321802,0.13301438086015874,-0.5562368407999042,-0.5676753646337431,-0.7027104424696169,1,1,0,1,0,0
449,-0.16813260233333338,0.7402673287126605,-0.8909933533506132,1.3807510741090883,1.6413378428804726,1.1721475487916593,1.440367251809473,1,0,0,1,0,1
450,0.14197457599999996,-0.450315827267577,0.0586977557130719,-0.7235562119064914,-0.6957945686114578,0.2009397854661077,-0.6718664110996827,1,1,1,0,0,0
452,0.1665585706666668,-0.97527640270563,-0.9656919239914149,-0.2581217128968074,-3.075454841276734,-2.616190895862382,1.2228173489107832,0.8999999761581421,0,0,1,0,0
453,-0.4352265236666666,-0.450315827267577,-1.6738852085875928,-1.1809857028785715,-0.5414948290769599,1.396474482544622,0.08272715025043328,0.800000011920929,1,0,0,0,0
454,1.3210626667166667,2.258960357392611,3.2114997349784193,2.9106738496081026,3.592394053982737,1.7729263610305428,2.407391028753122,1,1,0,1,0,1
455,-1.0507790100000003,-0.9002820347859082,-2.1661071772987732,-0.8758884597944638,-0.38598143539322904,-2.8973446353544796,-0.5621296672957186,0.800000011920929,1,0,0,0,0
456,0.39800678333333295,-0.7502932989464643,-0.7624899264904249,-0.93688666480253,-1.6082532782124719,-0.7884079015383635,0.239565020267614,0.8999999761581421,1,0,0,0,0
457,-0.5977387159999998,-0.5253101951872988,-1.030603041794221,-0.749925619123309,-0.7133851538113972,1.148685354540215,0.01549776430193217,1,1,0,0,0,0
459,-0.18648840833333336,0.13090955021212852,0.030683274853695222,-1.1230442225911919,1.5927331941728162,-0.4990296213464526,-0.6949861000549271,1,1,0,0,0,0
460,0.1781974416666663,1.3683546730912617,2.388294806059439,1.2653466434967753,1.3373762251666064,0.6008215860670848,-0.62918216165779,1,1,0,0,0,0
461,0.5611624113333336,-0.5253101951872988,-0.6346398485457236,-0.637134454538325,-1.6474460063171779,-0.21797791597906702,-0.2687982493126707,1,1,1,0,0,1
462,0.5754130146666667,1.2652279041507135,0.770236575744359,2.116069028027707,1.717078300076774,3.270579196870189,0.7253544515715376,0.8999999761581421,1,0,0,0,0
464,-0.5109425746666665,0.20590391813185055,0.19647989516106332,-0.25260515804196665,-0.6859925989134827,0.8679306445657997,0.07894182660647335,1,1,0,0,0,0
465,-1.3140460433333336,-0.97527640270563,-2.4370136379986893,-2.4669407614379106,-0.11166931567041571,-2.1886880851360395,-0.976753055010464,1,1,0,0,0,0
466,0.03645984133333324,-0.8252876668661862,-0.49317456714478247,-1.527834871774556,-1.5240208238285216,0.11044507119864588,-0.528403731243766,1,1,0,0,0,0
467,0.9412754663333336,0.8996588996948612,3.6516320904539423,0.9060547641920531,-1.2208469553813437,-0.9117844222618264,1.4798989455467788,0.8999999761581421,1,0,1,1,0
468,-0.03428735666666682,-0.8252876668661862,-0.3603443835193287,-1.8779327019481167,-2.5715003252956583,-2.0377995098924577,-0.4946516119722997,0.8999999761581421,1,0,0,0,0
469,0.04259804333333328,0.22463348400991967,-0.6349276678983665,-1.302342647691776,-0.7426982909949877,-1.6292111581006457,-0.0301309305106901,1,1,0,0,0,0
470,-0.1388264309999998,-0.9002820347859082,0.3810041648082556,-2.617040197728561,-1.9442329400789524,-0.005963747725928337,-0.6204424105134934,1,1,0,0,0,0
471,0.14508350333333375,-0.5253101951872988,-0.6042419837333903,-2.7920394743559784,-0.7187205003574083,0.4604809379109288,-0.11383364711795464,1,1,0,0,0,0
472,0.0179372166666667,-0.97527640270563,-1.7129836967749426,-1.6806709992992874,-0.9391956429332629,0.02336320423934879,-1.0795361196641884,1,1,0,1,1,0
473,-0.3082435323333337,0.22463348400991967,-2.553880690321364,1.1469975436624533,0.15656782027169447,0.4891640790024405,0.05496181332864743,1,1,0,0,0,0
475,0.9741806643333332,0.5621461918523906,-0.04209271171148432,1.4993394228988906,0.5413217849231537,0.6854113686012056,0.3125442215203787,1,1,0,1,0,0
476,-0.5696238800000004,0.262168720173503,-1.457052312212948,-0.02910206827531603,1.4358607462426407,1.4140373632261247,-0.7518239813422741,0.8999999761581421,1,0,1,0,0
477,-0.786271368,-0.4221834262467507,-0.01735974964562781,-0.4341610810843439,0.055041688855080095,0.3929489324673961,-0.24109395969966907,1,1,0,0,0,0
478,0.739627076666667,-0.3940510252259244,-0.9479268674523006,-0.28357752399571845,0.06850354274526121,-0.7833627659855275,-0.4025789710633181,1,1,0,2,0,0
479,-0.23964842134741,-0.6752989310267425,0.24720946218689044,-0.7014295463248769,-0.280563722619307,0.01811821434029337,-0.1445653070161432,1,1,0,1,0,0
481,0.14280288904733335,1.668332144770149,2.1571902715219347,3.3081615194692904,0.11236215627262491,1.0947226839362911,0.8020317112400737,1,1,0,0,0,0
482,-0.4704044966666663,0.7308644935699036,-0.8658728202313288,0.8241004201530964,3.2560527280919622,1.4741639219294904,-0.4489967339401636,1,1,0,1,0,0
485,-0.6148869556666663,-0.6471665300059162,0.4824251775589876,-2.347273831235899,-0.9210129796006439,0.25907910945742674,-0.5116910030097521,0.8999999761581421,1,0,1,0,0
486,-0.11141617999999998,-0.8252876668661862,-2.1370919597764315,0.8072168837759872,-0.4460532495596179,-1.3706876337466383,-0.8119305402739557,1,1,0,0,0,0
487,-0.4480468099999997,-0.24406228938648072,-0.02225476104209284,-0.1331961288486358,0.8328395997634939,-2.4732266877279487,-0.4668315127815432,1,1,0,0,0,0
488,-0.39769050033333353,-0.450315827267577,0.49039098778622603,-0.8491825512742831,0.43881204626124193,-1.681869199545654,-0.511922691565043,1,1,0,0,0,0
489,-0.8272337803333332,-0.9002820347859082,-1.2891292122384543,0.5508061540224569,-1.3611884135740553,-1.572379003650617,-1.0467330139236382,1,1,0,0,0,0
490,-0.42621258133333306,-0.7221608979256382,-0.16105465812534703,-1.0214334428415357,0.7474279015664209,0.6162475282403235,-0.6375729212891139,0.8999999761581421,1,0,0,0,0
492,0.2528426773333332,1.2839574700287826,0.7666898103800639,0.8130258854046915,0.9322525257559051,1.167740009795268,0.7841552617394802,1,1,0,0,0,0
493,0.3205679136666666,-0.97527640270563,-1.1151709227950994,-1.9575796644785073,-1.8395252204770185,-0.6497047353587136,-0.05841159457811454,1,1,0,0,0,0
497,-0.04520279999999976,-0.8252876668661862,-0.15451199078805256,-2.323976829818794,-1.3477511514446276,-0.8233257622186241,-0.45573959456461,0.8999999761581421,1,0,1,1,1
499,-1.1773374226,-0.7502932989464643,-0.4920474501413051,-0.7428349708964166,-2.1061320487212623,-0.32273919176326593,-0.5979813950550331,1,1,0,0,0,0
500,0.04761269866666695,-0.6003045631070207,0.5854855101249414,-0.31763598826077777,1.208207558018545,-0.8971343624645742,0.6455737729153757,1,1,0,3,1,1
502,-0.5180978266666667,-0.8252876668661862,0.028579933221007825,-0.689469337067622,-0.31691960228871996,-1.1510461236702905,-0.9439499492699138,0.8999999761581421,1,0,0,0,0
504,0.1928684766666664,-0.4971777941664725,0.9609096847375143,-1.5627696872298174,1.474513014955027,-1.2897262497354638,-0.5621543571353053,1,1,0,0,0,0
505,0.01259686333333309,0.4777489887899115,0.892757774050817,0.8361437675690776,1.9732139056036928,1.4711722905633722,0.4859620640740813,1,1,0,0,0,0
508,-0.13222677366666624,-0.450315827267577,-1.1812056152462278,-1.32618512682913,-0.582190107968149,-0.7749422637420356,0.43073041113439814,0.8999999761581421,1,0,1,0,0
509,0.23991038733333325,0.4121574560129467,-1.5485270419274237,-0.24094735121676653,0.57604022590083,0.7970715192403706,0.6902525170471752,0.8999999761581421,1,0,0,0,0
510,-0.8446144266666669,0.6371405597721124,0.34293993307277726,1.6641558615542857,0.10587028604866278,2.612271642224371,1.20556213846182,1,1,0,1,0,0
512,0.26981266433333273,-0.00967635048455817,0.8385547495376011,0.12608828875468434,-1.0921294470866687,-0.33597370110295016,-0.419250028638118,0.8999999761581421,1,0,0,0,0
513,0.8828490323333336,-0.3659186242050982,-0.5522096715800275,0.5235329380599025,0.8494038744847099,-2.0775909345033217,0.26917508066229756,0.800000011920929,1,0,0,0,0
514,1.1334562160423334,-0.6752989310267425,-2.5743440372803748,-0.20177516403083762,-2.791004731406582,-1.3549125679679908,-0.6664331884488451,1,0,0,0,0,0
515,1.0675101406666665,-0.450315827267577,-2.4388403002154835,0.08208067019996146,1.8714707310727001,-0.2820851758791839,-0.6698162169908982,0.8999999761581421,1,0,0,0,0
516,-0.5675000366666665,0.7589968945907297,-1.0104353236765764,0.5553473652388836,0.3307420969776236,0.011865837599393636,0.6907822546565572,1,1,0,1,0,0
517,0.42379624900000024,0.074644748170476,0.7311966246198431,1.0216038108654806,-1.134999646537994,0.3133555629194384,-0.6430401055792057,0.8999999761581421,1,0,0,0,0
518,0.03997750133333344,-0.6003045631070207,-0.3536046078971438,-0.10753588662714969,-1.7393954407388363,-1.4553712624525503,-0.5959273464362689,1,1,0,1,0,0
519,2.0272764967497334,0.5621461918523906,1.7524161635809192,0.01522819139236753,0.4402407191620039,-0.47734124435755076,0.9686318242790216,1,1,0,0,0,0
521,-0.01216177300000032,-0.8252876668661862,-1.2207585521223907,-0.8325072380569739,-1.8252217430254165,-1.428359715718508,-0.15206372516941924,1,1,0,0,0,0
523,0.04289865599999998,0.48715182393266854,0.593637573159919,0.8426273394633085,1.5675462031808567,-0.5189240731894275,0.96577773523830035,1,1,1,0,0,0
524,0.03682892333333321,-0.8252876668661862,-0.2178543348369768,1.1191311846779175,-3.231667795245907,-1.8963818962563905,-0.09780817143018192,1,1,0,0,0,0
525,-0.1813173726666668,-0.4221834262467507,-2.4955442303153883,1.0837540808706765,0.7178022072432688,0.6421054220632894,-0.04666141926836743,0.8999999761581421,1,0,0,0,1
526,0.03281749333333339,-0.450315827267577,-0.9476313092105066,0.6106281403694126,-0.8895254729365415,0.35849137101022444,-0.39212107120347295,0.8999999761581421,1,0,1,1,1
527,-0.09616915466666652,-0.19720032248758512,0.6593614405697772,-0.36757528190593025,-0.9564056549563688,0.09672296190319335,0.21342292721300923,1,1,0,2,0,0
528,0.1297222950000001,0.20590391813185055,0.239355670217771,-1.1635873689894072,0.2629778756687532,1.0744694368373244,0.9179646319393654,1,1,0,0,0,0
529,1.2307660358973336,1.0121123993707215,-0.5309418294484811,1.2540714201578518,1.8799835101868436,1.1976418552721046,0.5224138485512297,1,1,0,0,0,0
530,-0.715963497,0.5152842249534948,-0.8806755401017039,2.379279933146451,1.0784389123502756,0.26878354406913474,0.7254780395690329,0.8999999761581421,1,0,0,0,0
531,-1.058182646,0.4684222580545993,-0.5749657011057829,1.5005980106544161,1.6871729006215668,-0.5807147011843081,0.5310246291082338,1,1,0,1,0,0
532,0.22958532733333303,-0.7502932989464643,-2.2424327460666875,-1.0280888775701273,-2.301126890550952,-0.8113517463159203,0.04798969467874398,1,1,0,2,0,0
533,0.31571327399999993,-0.6003045631070207,-1.5341112388223035,0.2711818039867826,-0.8362724492226679,0.7301827537435979,-0.6960339770438614,1,1,0,2,0,0
535,-0.00632392666666659,-0.07534398766896766,-1.4924899432361567,-0.8694413378059359,0.046101446358224774,0.3915450275143661,-0.23964528098875504,1,1,0,1,0,0
536,-0.2878968083333331,0.9277151963082426,1.0155511879903847,-0.21201986264858497,1.2154043712651812,1.6327125675861864,2.2278426063947325,1,1,0,1,0,0
538,0.43633397566666665,-0.9002820347859082,-2.072351771736464,-1.8944268581496593,0.38162924772634166,-0.7642699618840869,0.16462441821407037,1,1,0,0,0,0
539,0.34018860966666664,0.15904195123295486,1.1438108463096726,1.2000055968752368,-0.6273493807483717,-0.13145476287769306,-0.19928309149022427,1,1,0,1,1,0
540,0.1202009426666666,0.8152616966323823,0.9161010016203288,1.3585483563121723,-1.0647311771548864,0.5620954517364161,0.21102908948115903,1,1,0,1,0,0
541,0.17997217499999985,0.3840250549921206,0.41842937897119004,1.7894853106339976,1.6811416146086358,-0.25337377086913715,-0.67806255329512,0.8999999761581421,1,0,0,0,0
544,0.7842523586666668,-0.09407355354703696,0.053063903271599724,-0.5536846467743342,-1.1861281730488304,-2.569348001932079,0.1494452380892158,1,1,0,1,0,0
545,0.14622782,-3.4961974924585526e-4,0.373609257014504,1.1227773347842438,0.31634044775494546,-0.24139498666147258,-0.2664136486805976,0.800000011920929,1,0,0,0,0
548,0.04310567800000031,-0.8252876668661862,-1.3145073983220281,0.11017128166260726,-1.2803257491407998,-0.8878983343678035,-0.50043771534598,0.800000011920929,1,0,0,0,0
549,1.0850010492165,1.5839349417076698,1.6463879371437344,3.4454855878047486,2.49736831480777,1.4833638194821197,-0.24337584236374415,0.8999999761581421,1,0,0,0,0
551,0.47318336799999994,1.0683772014123742,2.0452890750665182,2.964934648575278,0.8033956908343118,-0.23690584506336188,1.3025265967826465,1,1,0,1,1,0
552,1.12434036,0.15904195123295486,0.6660505672542246,0.6489121379224276,0.6925326992521266,1.1157744894119104,1.260686871861642,0.4000000059604645,1,0,1,0,0
553,-0.10088564,-0.6752989310267425,-0.05490401845447401,-1.3001140280110488,0.2585639497686668,-0.5191175613890148,-0.35125772314501735,0.8999999761581421,1,0,0,0,0
554,0.01870967766666687,-0.7502932989464643,-3.1385800865035067,0.4582576547781416,1.8707507354902846,-1.7301054579077175,-0.6104269830348419,0.8999999761581421,1,0,1,0,0
557,0.0714392896666669,-0.6752989310267425,-2.6512296666040776,-2.724760341590767,-2.0501302358492692,0.2615347816420778,-0.4674863317683476,1,1,0,0,0,0
558,0.01511326833333326,-0.97527640270563,-0.7882658220909247,0.01604369043800391,1.0995115042327617,-0.1701543370286327,-0.5126647410801453,0.8999999761581421,1,0,0,0,0
560,-0.0417699863333334,-0.22533272350841152,2.4867651029537456,0.6688919359556542,-0.512817356080188,0.9236628258754218,-0.2060584203739982,0.8999999761581421,1,0,1,0,0
561,0.9339239749913332,0.11217998433405928,-0.6376468610639646,-2.0720241015805225,0.6091925893217662,1.207870353130371,0.5878053522966669,1,1,0,0,0,0
562,1.0527785845,2.812053333851491,3.4826579294497515,2.46933356553628,3.675784685503199,2.039354951863035,0.7686634822707411,1,1,0,0,0,0
564,1.4152284836666662,1.4433490410109835,1.7092473685189646,1.099821736526174,1.4376310232968434,2.1374322926204714,0.6239134584508588,0.8999999761581421,1,0,0,0,0
565,-0.30339899533333314,-0.3471890583270288,0.14287971838501734,-1.696035032923821,-0.31898357691170337,-0.050847505760034106,-0.2750738783165559,1,1,0,2,0,0
566,-0.6110824966666668,0.5902785928732166,1.2424666811332155,-0.09929350005093585,0.8243379768170386,0.56115893424495,0.4802840612581963,1,1,0,0,0,0
567,0.5107792783333331,-0.6003045631070207,-0.08016522633595968,1.0363605742653552,0.4958045666961046,-3.2316907315687757,0.00890467489449497,0.8999999761581421,1,0,1,0,0
568,-0.31294022033333335,0.25276588503074604,0.9580512187788743,0.66934261947873,0.37715000688600736,2.130069897966941,-0.3925974705240304,0.8999999761581421,1,0,0,0,0
569,-0.11231672466666698,-0.7502932989464643,-0.5695061322357786,-0.06660831938363931,-1.1097163322053398,-1.657636693989858,-0.270413680060221,0.8999999761581421,1,0,1,0,0
570,0.8847215956666667,-3.4961974924585526e-4,0.02649357446314813,-1.1917649061663378,-1.3891897202110592,0.3178853771857108,-0.3572755150739885,1,1,0,1,0,0
571,0.2983015436666665,-0.8252876668661862,-2.301204852445809,-2.217914895561326,-1.357482116014668,-0.1940380436283594,-0.32633796813594274,1,1,0,0,0,0
573,0.06685731566666675,-0.5253101951872988,-0.9166576937890534,-0.849257396111282,-2.1897632412960886,0.27540652725539827,-0.2674268006221178,1,1,0,0,0,0
574,-1.0032986166666666,0.8996588996948612,2.756894369651844,0.9592325853434838,0.4455263934155538,-0.5288938773770463,-0.31453796204316153,0.8999999761581421,1,0,0,0,1
575,0.15457494650333337,1.8464532816304189,2.0949916265432447,1.288109929686958,2.7967715067199252,1.613449306865107,1.146364381081877,0.8999999761581421,1,0,0,0,0
577,-0.43167207366666704,-0.4690453931456462,-1.3479491165032644,-0.241901563397624,1.9503899885252851,-0.33001858668745637,-0.17969623699393272,1,1,0,0,0,0
578,0.11783842499999996,-0.6003045631070207,-1.4041023686146978,-0.16207080489578407,-1.3295323137517416,-0.5679377572356277,0.3473311261710223,1,1,0,0,0,0
580,0.3433219093333335,-0.5440397610653681,-1.012571726641495,-1.075562031569826,-0.9112576429018624,-0.08021233197377364,-0.9353105549635624,0.8999999761581421,1,0,0,0,0
581,0.3425539843333332,-0.6752989310267425,-0.7718223821891063,-0.8575067019355156,-0.2227969894127972,0.34965794839362907,-0.6897884204693601,1,1,0,0,0,0
582,-0.4324146889999999,-0.22533272350841152,-0.07792446734939676,-0.4829909826255403,-1.9674063980527012,0.46415453346754987,-0.367999030428488,1,1,0,0,0,0
584,0.7602979999999997,-0.3753214593478552,-0.6721920780432014,0.5450741739669913,-0.8025895813309485,0.06499138984437125,-0.5385257659002857,0.8999999761581421,0,0,0,0,0
585,0.02668144333333333,3.5432674471706394,4.064120033572981,1.9451811568979571,3.6066727076377867,1.2987205405299913,0.8769271351286131,0.699999988079071,1,1,0,1,0
586,0.00257438666666676,-0.9002820347859082,-1.7800382032429753,-1.079177511451969,-1.729051797174796,-2.052381320512514,-0.5381937552069401,1,1,0,1,0,0
587,-0.3268692533333333,1.837126550895107,1.0706844993094542,0.7751522009265028,2.1621473942412504,1.8298472701617206,1.2730960330301662,0.8999999761581421,1,0,0,0,0
588,-0.21605739,-0.7502932989464643,-0.34283525459527747,-0.1481696140165113,0.13359808147476004,-0.42237045078581437,0.5494385599380593,1,1,0,1,0,0
589,-0.00875985933333312,1.3589518379485046,2.0679305427680768,0.6103343106640853,0.806252673949004,1.6781973425115764,-0.20218197699187,1,1,0,1,0,0
590,0.20723609866666637,-0.5721721620861944,-0.4469077038420596,-0.7886715947506804,0.9045187360869933,-1.3529771987831634,0.17833644542845684,1,1,0,1,0,0
591,0.417758460847,-0.6752989310267425,-1.428096483897332,-2.0525449105050884,-1.4572126202438014,-1.5618506650771198,-0.3894461305372682,0.8999999761581421,1,0,0,0,0
592,0.5352514639000001,0.28089828605157235,1.7989518373385673,0.784980359656064,2.8199574083788144,0.28196831994339144,0.304938377426081,1,1,0,0,0,0
594,0.21775227266666675,0.5621461918523906,-0.16661899892776522,-0.3119382882038415,0.9033430274252626,-0.07939575525166753,0.04152554115870877,1,1,0,0,0,0
595,0.1008051126666667,-0.4690453931456462,0.5484622053665149,-1.4757313105453065,0.7875266159947449,-0.349309005869262,-0.8022262881590428,1,1,0,0,0,0
596,-0.5732959433333336,2.905777267649282,2.655272001329471,1.5585080270526968,1.2291804142530547,4.7319994841463515,1.7662461955462323,1,1,0,1,0,0
597,-0.00387717666666675,-0.6003045631070207,-3.208301998066114,0.8131900151464513,-1.2857705273040911,-0.1361719128611038,-0.2765148480075103,0.8999999761581421,1,0,0,0,0
598,-0.24705440366666664,0.5808757577304597,0.8151843066613202,1.628966549166283,0.499967033057069,1.0525776212861384,-0.3241665818596063,0.8999999761581421,1,0,0,0,0
600,0.42136184333333304,-0.9002820347859082,-0.47356505130278,-1.4382708182917594,-2.1099676807096586,0.16483804672018643,-0.33608778011993967,1,1,0,0,1,0
601,0.14553866333333287,0.5058813898107378,-0.5299854384039179,1.2877340200771186,-0.5561324322694957,1.1049145617307523,0.5877960804969993,0.8999999761581421,1,0,1,0,0
602,-0.37563733899999985,-0.3753214593478552,-1.478464892273061,0.8087869217620133,-0.0846490788369072,-0.7157424675575466,0.18530474426827087,0.8999999761581421,1,0,0,0,0
604,0.3634446169433333,3.1682956075720305,2.8315171187772386,4.041486820457015,4.490945999475063,2.662802885,1.6981721115144115,0.8999999761581421,0,0,0,0,0
605,-0.39749285333333306,-0.4971777941664725,-0.32837122003915475,-1.7574812228882932,-2.3899615256359072,-1.289979503097372,-0.08084441269119771,1,1,0,0,0,0
606,-0.1642489300000003,-0.31905665730620253,0.9950674213558326,-1.7069323196179225,1.7860310608988441,-0.1700439940740812,0.1975811843815001,0.8999999761581421,1,0,0,0,0
607,0.27066015333333326,-0.01907918562731514,-0.2539838961844782,-0.7842846993440123,1.0154480112341873,0.08116495786687813,-0.1532259530560718,1,1,0,0,0,0
608,0.3814017613333336,0.8996588996948612,1.7696353513383394,0.8893568025595756,1.8760786178173734,1.7250966073034157,1.2192227371712792,1,1,0,1,0,0
609,2.7565161373103,1.1902335362309917,3.7272597329133474,-0.4224126839698108,2.193994199895516,2.093346588114599,1.7188103492419304,0.800000011920929,1,0,3,0,0
610,0.00645957466666691,-0.6471665300059162,-0.8061929894960039,0.6909930709401257,0.51328662804183,0.458743854732546,-0.6373203974042162,0.800000011920929,1,0,0,1,0
611,0.6220404916666669,0.5996053236085289,0.8535345396977831,0.7058539954219121,1.738695866302458,0.7994016781616533,-0.02257295842855672,1,1,1,0,1,0
612,-0.16709827499999985,-0.8252876668661862,-2.1302055606255568,0.07211481008208298,-0.764597076759756,-0.8017042283486923,-0.628601516289417,0.8999999761581421,1,0,0,0,0
